Workbook

Sheet Dashboard
B1: GEMA Education — Competition Registrations Dashboard (Jan 1 – Sep 4, 2025 vs 2026)
B3: Total Registrations 2026 | C3: Total Registrations 2025 | D3: Overall YoY Growth % | E3: Competitions Growing
B4: =Comparison!C17 -> 2150 | C4: =Comparison!B17 -> 1800 | D4: =Comparison!E17 -> 0.19444444 | E4: =COUNTIF(Comparison!F9:F16,"Growing")&" / 8" -> 8 / 8
B28: Top 3 Growing | C28: Bottom 3
B29: =INDEX(Comparison!$A$6:$A$13, MATCH(LARGE(Comparison!$E$6:$E$13,1), Comparison!$E$6:$E$13,0)) -> Student Speaker Competition | C29: =INDEX(Comparison!$A$11:$A$18, MATCH(SMALL(Comparison!$E$11:$E$18, 1), Comparison!$E$11:$E$18, 0)) -> AI & Robotics Challenge
B30: =INDEX(Comparison!$A$6:$A$13, MATCH(LARGE(Comparison!$E$6:$E$13,2), Comparison!$E$6:$E$13,0)) -> International Coding Olympiad | C30: =INDEX(Comparison!$A$11:$A$18, MATCH(SMALL(Comparison!$E$11:$E$18, 2), Comparison!$E$11:$E$18, 0)) -> Winter Painting Competition
B31: =INDEX(Comparison!$A$6:$A$13, MATCH(LARGE(Comparison!$E$6:$E$13,3), Comparison!$E$6:$E$13,0)) -> International Science Olympiad | C31: =INDEX(Comparison!$A$11:$A$18, MATCH(SMALL(Comparison!$E$11:$E$18, 3), Comparison!$E$11:$E$18, 0)) -> International Mathematics Olympiad
B33: Key Observations:
B35: 1. Overall, registrations are growing well — up 19.4% compared to last year
B36: Between Jan 1 and Sep 4, we went from 1,800 registrations last year to 2,150 this year,
B37: That's a good, healthy jump, and a positive sign as we head into the last few months of the year.
B39: 2. Student Speaker Competition is our best performer this year
B40: It grew 32.9% compared to last year (from 170 to 226 registrations) — the highest growth of any competition we run.
B41: Coding Olympiad (+26.1%) and Science Olympiad (+25.1%) come in right after it.
B43: 3. AI & Robotics Challenge, Winter Painting Competition, and Mathematics Olympiad are growing too, just slower than the rest
B44: These three are still doing better than last year (+10.0%, +11.6%, and +14.9%), so nothing is wrong here —
B45: they're just growing at a slower pace than our 19.4% average, so they're worth keeping an eye on.
B47: 4. Two competitions look strong overall, but have actually slowed down recently — this is the most important finding
B48: School Olympiad and Science Olympiad look great when you check their full 8-month numbers (+19.7% and +25.1%).
... B77: it'll save a lot of cleanup work next time this report needs to be made.

Sheet Cleaned_2025
A1: Registration ID | B1: Registration Date | C1: Competition | D1: Student Name | E1: School | F1: Grade | G1: City | H1: Country | I1: Registration Source
A2: REG-2025-01556 | B2: 45698 | C2: Young Innovators Challenge | D2: Student 2025_01556 | E2: Bright Future Academy | F2: 8 | G2: Bengaluru | H2: India | I2: UNKNOWN
A3: REG-2025-00843 | B3: 45882 | C3: International Coding Olympiad | D3: Student 2025_00843 | E3: UNKNOWN | F3: 4 | G3: Gurugram | H3: India | I3: WhatsApp
A4: REG-2025-00035 | B4: 45877 | C4: Student Speaker Competition | D4: Student 2025_00035 | E4: Sunrise Public School | F4: 2 | G4: Abu Dhabi | H4: UAE | I4: Partner School
A5: REG-2025-00887 | B5: 45671 | C5: AI & Robotics Challenge | D5: Student 2025_00887 | E5: Gurukul Global School | F5: 2 | G5: Abu Dhabi | H5: UAE | I5: Social Media
A6: REG-2025-01008 | B6: 45782 | C6: International Coding Olympiad | D6: Student 2025_01008 | E6: Greenwood International School | F6: 12 | G6: Dubai | H6: UAE | I6: Social Media
A7: REG-2025-00690 | B7: 45851 | C7: International Coding Olympiad | D7: Student 2025_00690 | E7: Delhi Public School | F7: 11 | G7: Gurugram | H7: India | I7: School Outreach
A8: REG-2025-00400 | B8: 45734 | C8: AI & Robotics Challenge | D8: Student 2025_00400 | E8: The Millennium School | F8: 9 | G8: Mumbai | H8: India | I8: Social Media
A9: REG-2025-01762 | B9: 45759 | C9: AI & Robotics Challenge | D9: Student 2025_01762 | E9: Oakridge International School | F9: 9 | G9: Mumbai | H9: India | I9: Website
A10: REG-2025-01420 | B10: 45775 | C10: International School Olympiad | D10: Student 2025_01420 | E10: Sunrise Public School | F10: 8 | G10: Dubai | H10: UAE | I10: WhatsApp
A11: REG-2025-00698 | B11: 45803 | C11: International Mathematics Olympiad | D11: Student 2025_00698 | E11: Amity International School | F11: 11 | G11: Doha | H11: Qatar | I11: Social Media
A12: REG-2025-01649 | B12: 45899 | C12: International Mathematics Olympiad | D12: Student 2025_01649 | E12: The Indian High School | F12: 7 | G12: New Delhi | H12: India | I12: Email Campaign
A13: REG-2025-01395 | B13: 45711 | C13: International Mathematics Olympiad | D13: Student 2025_01395 | E13: Amity International School | F13: 8 | G13: Doha | H13: Qatar | I13: Website
... A1801: REG-2025-00575 | B1801: 45659 | C1801: Young Innovators Challenge | D1801: Student 2025_00575 | E1801: The Indian High School | F1801: 11 | G1801: Gurugram | H1801: India | I1801: School Outreach

Sheet Cleaned_2026
A1: Registration ID | B1: Registration Date | C1: Competition | D1: Student Name | E1: School | F1: Grade | G1: City | H1: Country | I1: Registration Source
A2: REG-2026-01090 | B2: 46181 | C2: International Coding Olympiad | D2: Student 2026_01090 | E2: Delhi Public School | F2: 4 | G2: Bengaluru | H2: India | I2: Website
A3: REG-2026-02025 | B3: 46077 | C3: International Science Olympiad | D3: Student 2026_02025 | E3: Oakridge International School | F3: 12 | G3: Abu Dhabi | H3: UAE | I3: Email Campaign
A4: REG-2026-01497 | B4: 46110 | C4: International Coding Olympiad | D4: Student 2026_01497 | E4: Delhi International School | F4: 8 | G4: Abu Dhabi | H4: UAE | I4: School Outreach
A5: REG-2026-00529 | B5: 46038 | C5: International Science Olympiad | D5: Student 2026_00529 | E5: The Indian High School | F5: 5 | G5: Dubai | H5: UAE | I5: Email Campaign
A6: REG-2026-01500 | B6: 46235 | C6: Student Speaker Competition | D6: Student 2026_01500 | E6: Greenwood International School | F6: 8 | G6: New Delhi | H6: India | I6: Email Campaign
A7: REG-2026-00937 | B7: 46086 | C7: International Mathematics Olympiad | D7: Student 2026_00937 | E7: Global Indian International School | F7: 12 | G7: New Delhi | H7: India | I7: Email Campaign
A8: REG-2026-01197 | B8: 46140 | C8: Young Innovators Challenge | D8: Student 2026_01197 | E8: Delhi International School | F8: 1 | G8: Bengaluru | H8: India | I8: Website
A9: REG-2026-01717 | B9: 46258 | C9: Young Innovators Challenge | D9: Student 2026_01717 | E9: Gurukul Global School | F9: 4 | G9: Abu Dhabi | H9: UAE | I9: Partner School
A10: REG-2026-00760 | B10: 46199 | C10: Student Speaker Competition | D10: Student 2026_00760 | E10: The Millennium School | F10: 10 | G10: Gurugram | H10: India | I10: Email Campaign
A11: REG-2026-01138 | B11: 46230 | C11: International Mathematics Olympiad | D11: Student 2026_01138 | E11: Global Indian International School | F11: 12 | G11: Doha | H11: Qatar | I11: Email Campaign
A12: REG-2026-00709 | B12: 46239 | C12: International Coding Olympiad | D12: Student 2026_00709 | E12: Global Indian International School | F12: 6 | G12: Dubai | H12: UAE | I12: School Outreach
A13: REG-2026-00735 | B13: 46102 | C13: International Coding Olympiad | D13: Student 2026_00735 | E13: Delhi Public School | F13: 8 | G13: Bengaluru | H13: India | I13: School Outreach
... A2151: REG-2026-00795 | B2151: 46085 | C2151: International Coding Olympiad | D2151: Student 2026_00795 | E2151: Delhi International School | F2151: 8 | G2151: Bengaluru | H2151: India | I2151: Website

Sheet Lookup
A1: A (short form) | B1: B (standard form) | D1: Variant | E1: Canonical | G1: City | H1: Correct Country
A2: Intl. Coding Olympiad | B2: International Coding Olympiad | D2: AMITY INTERNATIONAL SCHOOL | E2: Amity International School | G2: Abu Dhabi | H2: UAE
A3: Intl. Mathematics Olympiad | B3: International Mathematics Olympiad | D3: Amity International School | E3: Amity International School | G3: Dubai | H3: UAE
A4: Intl. School Olympiad | B4: International School Olympiad | D4: Amity Intl. School | E4: Amity International School | G4: Sharjah | H4: UAE
A5: Intl. Science Olympiad | B5: International Science Olympiad | D5: BRIGHT FUTURE ACADEMY | E5: Bright Future Academy | G5: Doha | H5: Qatar
D6: Bright Future Academy | E6: Bright Future Academy | G6: Bengaluru | H6: India
D7: DELHI INTERNATIONAL SCHOOL | E7: Delhi International School | G7: Mumbai | H7: India
D8: Delhi International School | E8: Delhi International School | G8: New Delhi | H8: India
D9: Delhi Intl. School | E9: Delhi International School | G9: Gurugram | H9: India
D10: DELHI PUBLIC SCHOOL | E10: Delhi Public School
D11: Delhi Public School | E11: Delhi Public School
D12: GEMS MODERN ACADEMY | E12: GEMS Modern Academy
D13: GEMS Modern Academy | E13: GEMS Modern Academy
D14: GLOBAL INDIAN INTERNATIONAL SCHOOL | E14: Global Indian International School
D15: Global Indian International School | E15: Global Indian International School
D16: Global Indian Intl. School | E16: Global Indian International School
D17: GREENWOOD INTERNATIONAL SCHOOL | E17: Greenwood International School
D18: Greenwood International School | E18: Greenwood International School
D19: Greenwood Intl. School | E19: Greenwood International School
D20: GURUKUL GLOBAL SCHOOL | E20: Gurukul Global School
D21: Gurukul Global School | E21: Gurukul Global School
... D30: The Millennium School | E30: The Millennium School

Sheet Comparison
A1: 2025 start | B1: 45658
A2: 2025 end | B2: 45904
A3: 2026 start | B3: 46023
A4: 2026 end | B4: 46269
A5: 2025 recent start ( last 4 week ) | B5: =B2-28 -> 45876
A6: 2026 recent start ( last 4 week ) | B6: =B4-28 -> 46241
A8: Competition Name | B8: Total Registrations (2025 | C8: Total Registrations (2026) | D8: Absolute Change | E8: Full-period % change | F8: Performance Status
A9: Student Speaker Competition | B9: =COUNTIF(Cleaned_2025!C4:C1792, A9) -> 170 | C9: =COUNTIF(Registrations__3[Competition], A9) -> 226 | D9: =Table9[[#This Row],[Total Registrations (2026)]]-Table9[[#This Row],[Total Registrations (2025]] -> 56 | E9: =IF(B9=0, "N/A", (C9 - B9) / B9) -> 0.32941176 | F9: =IF(D9 > 0, "Growing", IF(D9 < 0, "Worse", "No Change")) -> Growing
A10: International Coding Olympiad | B10: =COUNTIF(Cleaned_2025!C1:C1800, A10) -> 295 | C10: =COUNTIF(Registrations__3[Competition], A10) -> 372 | D10: =C10 - B10 -> 77 | E10: =IF(B10=0, "N/A", (C10 - B10) / B10) -> 0.26101695 | F10: =IF(D10 > 0, "Growing", IF(D10 < 0, "Worse", "No Change")) -> Growing
A11: International Science Olympiad | B11: =COUNTIF(Cleaned_2025!C6:C1806, A11) -> 227 | C11: =COUNTIF(Registrations__3[Competition], A11) -> 284 | D11: =C11 - B11 -> 57 | E11: =IF(B11=0, "N/A", (C11 - B11) / B11) -> 0.25110132 | F11: =IF(D11 > 0, "Growing", IF(D11 < 0, "Worse", "No Change")) -> Growing
A12: International School Olympiad | B12: =COUNTIF(Cleaned_2025!C2:C1801, A12) -> 218 | C12: =COUNTIF(Registrations__3[Competition], A12) -> 261 | D12: =C12 - B12 -> 43 | E12: =IF(B12=0, "N/A", (C12 - B12) / B12) -> 0.19724771 | F12: =IF(D12 > 0, "Growing", IF(D12 < 0, "Worse", "No Change")) -> Growing
A13: Young Innovators Challenge | B13: =COUNTIF(Cleaned_2025!C1:C1801, A13) -> 209 | C13: =COUNTIF(Registrations__3[Competition], A13) -> 242 | D13: =C13 - B13 -> 33 | E13: =IF(B13=0, "N/A", (C13 - B13) / B13) -> 0.15789474 | F13: =IF(D13 > 0, "Growing", IF(D13 < 0, "Worse", "No Change")) -> Growing
A14: International Mathematics Olympiad | B14: =COUNTIF(Cleaned_2025!C8:C1806, A14) -> 268 | C14: =COUNTIF(Registrations__3[Competition], A14) -> 308 | D14: =C14 - B14 -> 40 | E14: =IF(B14=0, "N/A", (C14 - B14) / B14) -> 0.14925373 | F14: =IF(D14 > 0, "Growing", IF(D14 < 0, "Worse", "No Change")) -> Growing
A15: Winter Painting Competition | B15: =COUNTIF(Cleaned_2025!C3:C1801, A15) -> 164 | C15: =COUNTIF(Registrations__3[Competition], A15) -> 183 | D15: =C15 - B15 -> 19 | E15: =IF(B15=0, "N/A", (C15 - B15) / B15) -> 0.11585366 | F15: =IF(D15 > 0, "Growing", IF(D15 < 0, "Worse", "No Change")) -> Growing
A16: AI & Robotics Challenge | B16: =COUNTIF(Cleaned_2025!C4:C1802, A16) -> 249 | C16: =COUNTIF(Registrations__3[Competition], A16) -> 274 | D16: =C16 - B16 -> 25 | E16: =IF(B16=0, "N/A", (C16 - B16) / B16) -> 0.10040161 | F16: =IF(D16 > 0, "Growing", IF(D16 < 0, "Worse", "No Change")) -> Growing
A17: Overall | B17: =SUM(B9:B16) -> 1800 | C17: =SUM(C9:C16) -> 2150 | D17: =C17 - B17 -> 350 | E17: =(C17 - B17) / B17 -> 0.19444444 | F17: =IF(D17 > 0, "Growing", IF(D17 < 0, "Worse", "No Change")) -> Growing
A19: Competition Name | B19: Last 4 weeks Registrations | C19: Last 4 weeks Registrations | D19: Absolute Change | E19: Last-4-weeks % change
A20: Student Speaker Competition | B20: =COUNTIFS(Cleaned_2025!$C:$C, A20, Cleaned_2025!$B:$B, ">"&$B$5, Cleaned_2025!$B:$B, "<="&$B$4) -> 17 | C20: =COUNTIFS(Cleaned_2026!$C:$C, $A20, Cleaned_2026!$B:$B, ">"&$B$6, Cleaned_2026!$B:$B, "<="&$B$4) -> 27 | D20: =C20-B20 -> 10 | E20: =IFERROR((C20-B20)/B20, 0) -> 0.58823529
A21: International Coding Olympiad | B21: =COUNTIFS(Cleaned_2025!$C:$C, A21, Cleaned_2025!$B:$B, ">"&$B$5, Cleaned_2025!$B:$B, "<="&$B$4) -> 34 | C21: =COUNTIFS(Cleaned_2026!$C:$C, $A21, Cleaned_2026!$B:$B, ">"&$B$6, Cleaned_2026!$B:$B, "<="&$B$4) -> 48 | D21: =C21-B21 -> 14 | E21: =IFERROR((C21-B21)/B21, 0) -> 0.41176471
A22: International Science Olympiad | B22: =COUNTIFS(Cleaned_2025!$C:$C, A22, Cleaned_2025!$B:$B, ">"&$B$5, Cleaned_2025!$B:$B, "<="&$B$4) -> 29 | C22: =COUNTIFS(Cleaned_2026!$C:$C, $A22, Cleaned_2026!$B:$B, ">"&$B$6, Cleaned_2026!$B:$B, "<="&$B$4) -> 31 | D22: =C22-B22 -> 2 | E22: =IFERROR((C22-B22)/B22, 0) -> 0.068965517
A23: International School Olympiad | B23: =COUNTIFS(Cleaned_2025!$C:$C, A23, Cleaned_2025!$B:$B, ">"&$B$5, Cleaned_2025!$B:$B, "<="&$B$4) -> 29 | C23: =COUNTIFS(Cleaned_2026!$C:$C, $A23, Cleaned_2026!$B:$B, ">"&$B$6, Cleaned_2026!$B:$B, "<="&$B$4) -> 30 | D23: =C23-B23 -> 1 | E23: =IFERROR((C23-B23)/B23, 0) -> 0.034482759
A24: Young Innovators Challenge | B24: =COUNTIFS(Cleaned_2025!$C:$C, A24, Cleaned_2025!$B:$B, ">"&$B$5, Cleaned_2025!$B:$B, "<="&$B$4) -> 19 | C24: =COUNTIFS(Cleaned_2026!$C:$C, $A24, Cleaned_2026!$B:$B, ">"&$B$6, Cleaned_2026!$B:$B, "<="&$B$4) -> 38 | D24: =C24-B24 -> 19 | E24: =IFERROR((C24-B24)/B24, 0) -> 1
A25: International Mathematics Olympiad | B25: =COUNTIFS(Cleaned_2025!$C:$C, A25, Cleaned_2025!$B:$B, ">"&$B$5, Cleaned_2025!$B:$B, "<="&$B$4) -> 33 | C25: =COUNTIFS(Cleaned_2026!$C:$C, $A25, Cleaned_2026!$B:$B, ">"&$B$6, Cleaned_2026!$B:$B, "<="&$B$4) -> 42 | D25: =C25-B25 -> 9 | E25: =IFERROR((C25-B25)/B25, 0) -> 0.27272727
A26: Winter Painting Competition | B26: =COUNTIFS(Cleaned_2025!$C:$C, A26, Cleaned_2025!$B:$B, ">"&$B$5, Cleaned_2025!$B:$B, "<="&$B$4) -> 18 | C26: =COUNTIFS(Cleaned_2026!$C:$C, $A26, Cleaned_2026!$B:$B, ">"&$B$6, Cleaned_2026!$B:$B, "<="&$B$4) -> 25 | D26: =C26-B26 -> 7 | E26: =IFERROR((C26-B26)/B26, 0) -> 0.38888889
A27: AI & Robotics Challenge | B27: =COUNTIFS(Cleaned_2025!$C:$C, A27, Cleaned_2025!$B:$B, ">"&$B$5, Cleaned_2025!$B:$B, "<="&$B$4) -> 28 | C27: =COUNTIFS(Cleaned_2026!$C:$C, $A27, Cleaned_2026!$B:$B, ">"&$B$6, Cleaned_2026!$B:$B, "<="&$B$4) -> 32 | D27: =C27-B27 -> 4 | E27: =IFERROR((C27-B27)/B27, 0) -> 0.14285714

Sheet Monthly_Trend
A1: Month | B1: Registrations 2025 | C1: Registrations 2026
A2: January | B2: =COUNTIFS(Cleaned_2025!$B:$B, ">="&DATE(2025,1,1), Cleaned_2025!$B:$B, "<"&DATE(2025,2,1)) -> 229 | C2: =COUNTIFS(Cleaned_2026!$B:$B, ">="&DATE(2026,1,1), Cleaned_2026!$B:$B, "<"&DATE(2026,2,1)) -> 287
A3: February | B3: =COUNTIFS(Cleaned_2025!$B:$B, ">="&DATE(2025,2,1), Cleaned_2025!$B:$B, "<"&DATE(2025,3,1)) -> 193 | C3: =COUNTIFS(Cleaned_2026!$B:$B, ">="&DATE(2026,2,1), Cleaned_2026!$B:$B, "<"&DATE(2026,3,1)) -> 228
A4: March | B4: =COUNTIFS(Cleaned_2025!$B:$B, ">="&DATE(2025,3,1), Cleaned_2025!$B:$B, "<"&DATE(2025,4,1)) -> 218 | C4: =COUNTIFS(Cleaned_2026!$B:$B, ">="&DATE(2026,3,1), Cleaned_2026!$B:$B, "<"&DATE(2026,4,1)) -> 288
A5: April | B5: =COUNTIFS(Cleaned_2025!$B:$B, ">="&DATE(2025,4,1), Cleaned_2025!$B:$B, "<"&DATE(2025,5,1)) -> 221 | C5: =COUNTIFS(Cleaned_2026!$B:$B, ">="&DATE(2026,4,1), Cleaned_2026!$B:$B, "<"&DATE(2026,5,1)) -> 224
A6: May | B6: =COUNTIFS(Cleaned_2025!$B:$B, ">="&DATE(2025,5,1), Cleaned_2025!$B:$B, "<"&DATE(2025,6,1)) -> 234 | C6: =COUNTIFS(Cleaned_2026!$B:$B, ">="&DATE(2026,5,1), Cleaned_2026!$B:$B, "<"&DATE(2026,6,1)) -> 273
A7: June | B7: =COUNTIFS(Cleaned_2025!$B:$B, ">="&DATE(2025,6,1), Cleaned_2025!$B:$B, "<"&DATE(2025,7,1)) -> 209 | C7: =COUNTIFS(Cleaned_2026!$B:$B, ">="&DATE(2026,6,1), Cleaned_2026!$B:$B, "<"&DATE(2026,7,1)) -> 282
A8: July | B8: =COUNTIFS(Cleaned_2025!$B:$B, ">="&DATE(2025,7,1), Cleaned_2025!$B:$B, "<"&DATE(2025,8,1)) -> 250 | C8: =COUNTIFS(Cleaned_2026!$B:$B, ">="&DATE(2026,7,1), Cleaned_2026!$B:$B, "<"&DATE(2026,8,1)) -> 238
A9: August | B9: =COUNTIFS(Cleaned_2025!$B:$B, ">="&DATE(2025,8,1), Cleaned_2025!$B:$B, "<"&DATE(2025,9,1)) -> 216 | C9: =COUNTIFS(Cleaned_2026!$B:$B, ">="&DATE(2026,8,1), Cleaned_2026!$B:$B, "<"&DATE(2026,9,1)) -> 288
A10: September | B10: =COUNTIFS(Cleaned_2025!$B:$B, ">="&DATE(2025,9,1), Cleaned_2025!$B:$B, "<"&DATE(2025,9,5)) -> 30 | C10: =COUNTIFS(Cleaned_2026!$B:$B, ">="&DATE(2026,9,1), Cleaned_2026!$B:$B, "<"&DATE(2026,9,5)) -> 42
